<?xml version="1.0" encoding="UTF-8"?>
<project-private xmlns="http://www.netbeans.org/ns/project-private/1">
    <editor-bookmarks xmlns="http://www.netbeans.org/ns/editor-bookmarks/2" lastBookmarkId="1">
        <file>
            <url>src/laberinto/Robot.java</url>
            <bookmark id="1">
                <name/>
                <line>180</line>
                <key/>
            </bookmark>
        </file>
    </editor-bookmarks>
    <open-files xmlns="http://www.netbeans.org/ns/projectui-open-files/2">
        <group>
            <file>file:/C:/Users/Shin/Documents/Life/College/Y2%20S2/HDT3/Laberinto/src/laberinto/Robot.java</file>
            <file>file:/C:/Users/Shin/Documents/Life/College/Y2%20S2/HDT3/Laberinto/src/laberinto/Mapa.java</file>
            <file>file:/C:/Users/Shin/Documents/Life/College/Y2%20S2/HDT3/Laberinto/src/laberinto/Laberinto.java</file>
            <file>file:/C:/Users/Shin/Documents/Life/College/Y2%20S2/HDT3/Laberinto/src/laberinto/Navegador.java</file>
        </group>
    </open-files>
</project-private>
